{"stats":{"minecraft:broken":{"minecraft:wooden_axe":1},"minecraft:picked_up":{"rottencreatures:frozen_rotten_flesh":3,"minecraft:salmon":1,"minecraft:pumpkin":1,"minecraft:sweet_berries":48,"minecraft:leather":4,"minecraft:brown_mushroom":2,"minecraft:spruce_sapling":5,"minecraft:yellow_bed":1,"minecraft:spruce_log":39,"minecraft:dirt":9,"minecraft:rotten_flesh":2,"minecraft:wheat_seeds":2,"minecraft:spruce_planks":8,"minecraft:beef":13,"minecraft:chest":1,"minecraft:light_gray_wool":1,"promenade:blueberries":31,"minecraft:mutton":5,"minecraft:sugar_cane":3,"minecraft:cod":1,"minecraft:snowball":2,"minecraft:white_wool":3},"minecraft:killed":{"minecraft:sheep":4,"naturalist:coral_snake":1,"minecraft:zombie":3,"minecraft:salmon":1,"rottencreatures:hunter_wolf":1,"rottencreatures:frostbitten":2,"rottencreatures:glacial_hunter":1,"minecraft:cow":5},"minecraft:custom":{"minecraft:time_since_rest":13842,"minecraft:sprint_one_cm":225164,"minecraft:damage_absorbed":281,"minecraft:damage_taken":556,"minecraft:walk_one_cm":167601,"minecraft:mob_kills":18,"minecraft:drop":1,"minecraft:damage_dealt":2368,"minecraft:swim_one_cm":9125,"minecraft:interact_with_crafting_table":8,"minecraft:fly_one_cm":155209,"minecraft:open_chest":7,"minecraft:crouch_one_cm":3833,"minecraft:play_time":74938,"minecraft:deaths":5,"minecraft:sneak_time":1146,"minecraft:walk_under_water_one_cm":6571,"minecraft:jump":898,"minecraft:interact_with_stonecutter":2,"minecraft:walk_on_water_one_cm":4821,"minecraft:time_since_death":13813,"minecraft:total_world_time":74938,"minecraft:fall_one_cm":16080},"minecraft:crafted":{"minecraft:wooden_sword":1,"minecraft:wooden_hoe":1,"minecraft:crafting_table":4,"minecraft:spruce_planks":156,"minecraft:stick":12,"minecraft:wooden_pickaxe":1,"minecraft:wooden_axe":2},"minecraft:mined":{"minecraft:large_fern":1,"minecraft:spruce_planks":10,"minecraft:brown_mushroom":1,"minecraft:sweet_berry_bush":19,"minecraft:basalt":1,"minecraft:spruce_log":39,"minecraft:pumpkin":1,"minecraft:yellow_bed":1,"minecraft:grass":2,"minecraft:grass_block":2,"minecraft:coal_ore":1,"minecraft:chest":1,"minecraft:dirt":4,"minecraft:packed_ice":4,"minecraft:spruce_leaves":33,"promenade:blueberry_bush":10,"minecraft:stone":10,"minecraft:sugar_cane":1,"minecraft:fern":2},"minecraft:killed_by":{"naturalist:coral_snake":2,"rottencreatures:hunter_wolf":1,"minecraft:skeleton":2},"minecraft:used":{"minecraft:wooden_axe":58,"promenade:blueberries":24,"minecraft:spruce_planks":120,"minecraft:wooden_pickaxe":8,"minecraft:salmon":1,"minecraft:wooden_sword":44,"minecraft:dirt":6,"minecraft:crafting_table":4,"minecraft:sweet_berries":45,"minecraft:spruce_log":1,"minecraft:cod":1,"minecraft:snowball":2},"minecraft:dropped":{"minecraft:brown_mushroom":1}},"DataVersion":2975}