{"stats":{"minecraft:broken":{"minecraft:wooden_sword":4,"minecraft:wooden_axe":1},"minecraft:picked_up":{"rottencreatures:frozen_rotten_flesh":2,"minecraft:crafting_table":2,"minecraft:flint":1,"minecraft:brewing_stand":1,"minecraft:string":2,"minecraft:dirt":49,"minecraft:bone":1,"minecraft:raw_gold":1,"minecraft:light_gray_wool":3,"minecraft:sugar_cane":7,"minecraft:stick":6,"minecraft:pumpkin":1,"minecraft:sweet_berries":98,"minecraft:gravel":1,"minecraft:spruce_sapling":2,"minecraft:white_bed":1,"minecraft:spruce_log":37,"minecraft:spider_eye":2,"minecraft:rotten_flesh":32,"minecraft:mutton":11,"minecraft:snowball":2,"minecraft:white_wool":6},"minecraft:custom":{"minecraft:mob_kills":72,"minecraft:interact_with_crafting_table":5,"minecraft:leave_game":1,"minecraft:time_since_death":24391,"minecraft:time_since_rest":24416,"minecraft:sprint_one_cm":123916,"minecraft:damage_absorbed":515,"minecraft:damage_taken":899,"minecraft:walk_one_cm":240058,"minecraft:drop":4,"minecraft:damage_dealt":10940,"minecraft:fly_one_cm":233615,"minecraft:open_chest":13,"minecraft:crouch_one_cm":317,"minecraft:play_time":80680,"minecraft:deaths":3,"minecraft:sneak_time":150,"minecraft:walk_under_water_one_cm":400,"minecraft:jump":625,"minecraft:walk_on_water_one_cm":2786,"minecraft:total_world_time":80680,"minecraft:fall_one_cm":269},"minecraft:killed":{"rottencreatures:undead_miner":1,"graveyard:revenant":2,"minecraft:spider":4,"rottencreatures:frostbitten":2,"minecraft:sheep":7,"minecraft:zombie":56},"minecraft:crafted":{"minecraft:wooden_sword":5,"minecraft:crafting_table":1,"minecraft:spruce_planks":36,"farmersdelight:flint_knife":1,"minecraft:wooden_pickaxe":1,"charm:spruce_chest":1,"minecraft:stick":4,"minecraft:wooden_axe":1,"minecraft:white_bed":1},"minecraft:mined":{"minecraft:white_bed":1,"minecraft:brewing_stand":1,"minecraft:crafting_table":1,"minecraft:grass_block":16,"minecraft:stone_brick_wall":1,"minecraft:polished_andesite_stairs":2,"minecraft:cobblestone":1,"minecraft:spruce_leaves":21,"minecraft:sugar_cane":1,"minecraft:chiseled_stone_bricks":1,"minecraft:large_fern":1,"minecraft:mossy_cobblestone_stairs":2,"minecraft:sweet_berry_bush":38,"minecraft:spruce_log":37,"minecraft:pumpkin":1,"minecraft:coal_ore":1,"minecraft:gravel":2,"minecraft:dirt":36,"minecraft:stone":28,"minecraft:polished_andesite":1,"minecraft:fern":1},"minecraft:killed_by":{"minecraft:skeleton":1,"graveyard:ghoul":1},"minecraft:used":{"minecraft:wooden_pickaxe":43,"minecraft:torch":9,"minecraft:dirt":14,"minecraft:crafting_table":1,"charm:spruce_chest":1,"minecraft:white_bed":1,"minecraft:spruce_log":1,"minecraft:wooden_axe":41,"minecraft:wooden_sword":257,"minecraft:sweet_berries":57},"minecraft:dropped":{"minecraft:crafting_table":1,"minecraft:light_gray_wool":2,"minecraft:dead_bush":2}},"DataVersion":2975}