{"stats":{"minecraft:broken":{"minecraft:wooden_axe":1,"minecraft:wooden_sword":3},"minecraft:picked_up":{"minecraft:stick":5,"minecraft:crafting_table":2,"minecraft:feather":6,"minecraft:chicken":4,"minecraft:salmon":3,"minecraft:sweet_berries":3,"minecraft:porkchop":3,"minecraft:spruce_sapling":8,"minecraft:spruce_log":49,"minecraft:dirt":33,"minecraft:beef":2,"minecraft:black_wool":1,"minecraft:mutton":4,"minecraft:snowball":23,"minecraft:white_wool":1,"minecraft:egg":2},"minecraft:killed":{"minecraft:sheep":2,"minecraft:zombie":44,"minecraft:pig":1,"minecraft:chicken":4,"minecraft:salmon":5,"minecraft:bat":2,"minecraft:cow":1},"minecraft:custom":{"minecraft:time_since_rest":12468,"minecraft:damage_absorbed":1219,"minecraft:sprint_one_cm":245648,"minecraft:damage_taken":160,"minecraft:walk_one_cm":145578,"minecraft:mob_kills":59,"minecraft:damage_dealt":8413,"minecraft:swim_one_cm":17012,"minecraft:interact_with_crafting_table":8,"minecraft:fly_one_cm":191370,"minecraft:open_chest":2,"minecraft:crouch_one_cm":110,"minecraft:play_time":74720,"minecraft:deaths":12,"minecraft:sneak_time":3603,"minecraft:walk_under_water_one_cm":18773,"minecraft:jump":948,"minecraft:walk_on_water_one_cm":11367,"minecraft:time_since_death":12435,"minecraft:total_world_time":74720,"minecraft:fall_one_cm":13291},"minecraft:crafted":{"minecraft:wooden_sword":4,"minecraft:crafting_table":1,"minecraft:stick":8,"minecraft:spruce_planks":52,"minecraft:iron_ingot":2,"minecraft:wooden_pickaxe":1,"minecraft:wooden_axe":2,"minecraft:spruce_door":3},"minecraft:mined":{"minecraft:large_fern":1,"minecraft:spruce_planks":1,"minecraft:mossy_cobblestone":3,"minecraft:ice":2,"minecraft:basalt":1,"minecraft:spruce_log":48,"minecraft:crafting_table":2,"minecraft:grass":1,"minecraft:grass_block":4,"minecraft:coal_ore":1,"minecraft:dirt":14,"minecraft:cobblestone":4,"promenade:blueberry_bush":1,"minecraft:spruce_leaves":14,"minecraft:stone":21,"minecraft:netherrack":2,"minecraft:fern":1},"minecraft:killed_by":{"graveyard:revenant":2,"minecraft:zombie":1},"minecraft:used":{"minecraft:wooden_axe":61,"minecraft:spruce_door":1,"farmersdelight:golden_knife":6,"minecraft:spruce_planks":21,"minecraft:wooden_pickaxe":33,"minecraft:wooden_sword":214,"minecraft:dirt":27,"minecraft:crafting_table":3,"minecraft:egg":1}},"DataVersion":2975}